﻿{
  "Type": "Directly",
  "Directly": [
    {
      "From": "26/07/2016 10:00:00",
      "To": "26/07/2016 11:00:00",
      "PickUp": "Sky Tower"
    },
    {
      "From": "27/07/2016 13:00:00",
      "To": "27/07/2016 14:00:00",
      "PickUp": "Sky Tower"
    },
    {
      "From": "27/07/2016 13:00:00",
      "To": "27/07/2016 15:00:00",
      "Areas": [ "NZ-Auckland-Central Auckland", "NZ-Auckland-East Auckland" ]
    },
    {
      "From": "28/07/2016 13:00:00",
      "To": "28/07/2016 17:00:00",
      "Areas": [ "NZ-Auckland-Central Auckland", "NZ-Auckland-East Auckland" ]
    },
    {
      "From": "29/07/2016 13:00:00",
      "To": "29/07/2016 17:00:00",
      "Areas": [ "NZ-Auckland-Central Auckland", "NZ-Auckland-West Auckland" ]
    },
    {
      "From": "29/07/2016 12:00:00",
      "To": "29/07/2016 13:00:00",
      "PickUp": "Sky Tower"
    },
    {
      "From": "30/07/2016 13:00:00",
      "To": "30/07/2016 17:00:00",
      "Areas": [ "NZ-Auckland-Central Auckland", "NZ-Auckland-North Shore" ]
    }
  ]
}