{
  "name": "angular-route",
  "version": "1.5.6",
  "license": "MIT",
  "main": "./angular-route.js",
  "ignore": [],
  "dependencies": {
    "angular": "1.5.6"
  },
  "homepage": "https://github.com/angular/bower-angular-route",
  "_release": "1.5.6",
  "_resolution": {
    "type": "version",
    "tag": "v1.5.6",
    "commit": "16ab7a0572be02f2af0e9dd0bc01079628742a48"
  },
  "_source": "https://github.com/angular/bower-angular-route.git",
  "_target": "1.5.6",
  "_originalSource": "angular-route"
}