{
  "name": "js-cookie",
  "license": "MIT",
  "main": [
    "src/js.cookie.js"
  ],
  "ignore": [
    "travis.sh",
    "test",
    "Gruntfile.js",
    "package.json",
    ".gitignore",
    ".jshintignore",
    ".jshintrc",
    ".tm_properties",
    ".travis.yml"
  ],
  "homepage": "https://github.com/js-cookie/js-cookie",
  "version": "2.1.1",
  "_release": "2.1.1",
  "_resolution": {
    "type": "version",
    "tag": "v2.1.1",
    "commit": "5c830fb71a2bd3acce9cb733d692e13316991891"
  },
  "_source": "https://github.com/js-cookie/js-cookie.git",
  "_target": "2.1.1",
  "_originalSource": "js-cookie"
}