{
  "name": "angular-aria",
  "version": "1.5.6",
  "license": "MIT",
  "main": "./angular-aria.js",
  "ignore": [],
  "dependencies": {
    "angular": "1.5.6"
  },
  "homepage": "https://github.com/angular/bower-angular-aria",
  "_release": "1.5.6",
  "_resolution": {
    "type": "version",
    "tag": "v1.5.6",
    "commit": "2ddc1b02a880118ae8f4d8f7aa6631726738a80d"
  },
  "_source": "https://github.com/angular/bower-angular-aria.git",
  "_target": "^1.4.8",
  "_originalSource": "angular-aria"
}