{
  "name": "angular-animate",
  "version": "1.5.6",
  "license": "MIT",
  "main": "./angular-animate.js",
  "ignore": [],
  "dependencies": {
    "angular": "1.5.6"
  },
  "homepage": "https://github.com/angular/bower-angular-animate",
  "_release": "1.5.6",
  "_resolution": {
    "type": "version",
    "tag": "v1.5.6",
    "commit": "99ab9c6c6888231eb79a7f6095c370fda1bf3345"
  },
  "_source": "https://github.com/angular/bower-angular-animate.git",
  "_target": "^1.4.8",
  "_originalSource": "angular-animate"
}