{
  "name": "angular-messages",
  "version": "1.5.6",
  "license": "MIT",
  "main": "./angular-messages.js",
  "ignore": [],
  "dependencies": {
    "angular": "1.5.6"
  },
  "homepage": "https://github.com/angular/bower-angular-messages",
  "_release": "1.5.6",
  "_resolution": {
    "type": "version",
    "tag": "v1.5.6",
    "commit": "153a8881f084904543b9a0362d4c641116037ee1"
  },
  "_source": "https://github.com/angular/bower-angular-messages.git",
  "_target": "^1.4.8",
  "_originalSource": "angular-messages"
}